<?xml version='1.0' encoding='UTF-8'?>
<!-- ================================================================================= -->
<!-- =====           MONSTER-AUTO V2 - The 4-Axis Wells Index interface        ======= -->
<!-- =====             Written by Jerry Rutherford - November 2015             ======= -->
<!-- ================================================================================= -->
<pyvcp>
	<!-- ========================================================================= -->	
	<!-- ~~~~~~~~~~~~~~~~~~~~~~~~~ Image Files ~~~~~~~~~~~~~~~~~~~~~~~~~~~~~~~~~~~ -->
	<!-- ========================================================================= -->
	<image name="OK"   			file="./IMAGES/OK.png"			/>
	<image name="ERR"   			file="./IMAGES/ERR.png"			/>
	<image name="Spindle_Active"   		file="./IMAGES/Spindle_Active.png"	/>
	<image name="Spindle_Off"   		file="./IMAGES/Spindle_Off.png"		/>
	<image name="Mist_Active"   		file="./IMAGES/Mist_Active.png"		/>
	<image name="Mist_Off"   		file="./IMAGES/Mist_Off.png"		/>
	<image name="Flood_Active"   		file="./IMAGES/Flood_Active.png"	/>
	<image name="Flood_Off"   		file="./IMAGES/Flood_Off.png"		/>
	<image name="Probe-NO"   		file="./IMAGES/Probe-NO.png"		/>
	<image name="Probe-NC"   		file="./IMAGES/Probe-NC.png"		/>
	<image name="WORK-OFF"   		file="./IMAGES/WORK-OFF.png"		/>
	<image name="WORK-ON"   		file="./IMAGES/WORK-ON.png"		/>
	<image name="GoPro-OFF"   		file="./IMAGES/GoPro-OFF.png"		/>
	<image name="GoPro-ON"   		file="./IMAGES/GoPro-ON.png"		/>
	<image name="DIG-IN-0-T"		file="./IMAGES/DIG-IN-0-T.png"		/>
	<image name="DIG-IN-0-F"		file="./IMAGES/DIG-IN-0-F.png"		/>
	<image name="DIG-IN-1-T"		file="./IMAGES/DIG-IN-1-T.png"		/>
	<image name="DIG-IN-1-F"		file="./IMAGES/DIG-IN-1-F.png"		/>
	<image name="DIG-OUT-0-T"		file="./IMAGES/DIG-OUT-0-T.png"		/>
	<image name="DIG-OUT-0-F"		file="./IMAGES/DIG-OUT-0-F.png"		/>
	<image name="DIG-OUT-1-T"		file="./IMAGES/DIG-OUT-1-T.png"		/>
	<image name="DIG-OUT-1-F"		file="./IMAGES/DIG-OUT-1-F.png"		/>
	<image name="DIG-OUT-2-T"		file="./IMAGES/DIG-OUT-2-T.png"		/>
	<image name="DIG-OUT-2-F"		file="./IMAGES/DIG-OUT-2-F.png"		/>
	<image name="DIG-OUT-3-T"		file="./IMAGES/DIG-OUT-3-T.png"		/>
	<image name="DIG-OUT-3-F"		file="./IMAGES/DIG-OUT-3-F.png"		/>
	<image name="SPARE"			file="./IMAGES/SPARE.png"		/>
	<image name="GECKO-STAT-NORM"		file="./IMAGES/GECKO-STAT-NORM.png"	/>
	<image name="GECKO-STAT-RESET"		file="./IMAGES/GECKO-STAT-RESET.png"	/>	
	<!-- ========================================================================= -->
	<image name="Probe-F00"     		file="./IMAGES/Probe-F00.png"		/>
	<image name="Probe-F01"     		file="./IMAGES/Probe-F01.png"		/>
	<image name="Probe-F02"     		file="./IMAGES/Probe-F02.png"		/>
	<image name="Probe-F03"     		file="./IMAGES/Probe-F03.png"		/>
	<image name="Probe-F04"     		file="./IMAGES/Probe-F04.png"		/>
	<image name="Probe-F05"     		file="./IMAGES/Probe-F05.png"		/>
	<image name="Probe-F06"     		file="./IMAGES/Probe-F06.png"		/>
	<!-- ========================================================================= -->
	<image name="PECK-G83"   		file="./IMAGES/Peck-Drill-G83.png"	/>
	<image name="BOLT-HOLE"   		file="./IMAGES/Bolt-Hole.png"		/>
	<!-- ========================================================================= -->
<tabs>
<names> ["MAIN","A", "B", "C", "D", "E"]</names>
<!-- ~~~ TOP OF TAB ~~~~~~~~~ TOP OF TAB ~~~~~~~~~ TOP OF TAB ~~~~~~~~~ TOP OF TAB ~~~ -->
	<vbox>
	<!-- ========================================================================= -->		
		<label>	
    		<relief>RAISED</relief>
    		<bd>2</bd>
			<text>"MAIN"</text>
			<font>("Helvetica",8)</font>
			<bg>"#000000"</bg>
			<fg>"#ffffff"</fg>
		</label>
	<!-- ========================================================================= -->
		<vbox>
    		<relief>RAISED</relief>
    		<bd>2</bd>
			<scale>
				<font>("Helvetica",8)</font>
				<fg>"#000000"</fg>
				<bg>"#BBBBBB"</bg>
				<halpin>"jog-speed"</halpin>
				<orient>HORIZONTAL</orient>
				<resolution>1</resolution>
				<initval>32</initval>
				<min_>1</min_>
				<max_>60</max_>
			</scale>		
			<label>	<!-- the jog speed slider -->
				<text>"Jog Speed"</text>
				<font>("Helvetica",8)</font>
				<fg>"#000000"</fg>
				<bg>"#BBBBBB"</bg>
			</label>
		</vbox>
	<!-- ========================================================================= -->
		<hbox>	<!-- the X jog buttons -->
			<relief>RAISED</relief>
			<bd>2</bd>
		<button>
			<padx>9</padx>
			<width>14</width>
			<font>("Helvetica",10)</font>
			<halpin>"x-minus"</halpin>
			<wraplength>"250"</wraplength>
			<text>"X -\nLEFT"</text>
			<bg>"#CCCCCC"</bg>
		</button>
		<button>
			<padx>9</padx>
			<width>14</width>
			<font>("Helvetica",10)</font>
			<halpin>"x-plus"</halpin>
			<text>"X +\nRIGHT"</text>
			<wraplength>"250"</wraplength>
			<bg>"#CCCCCC"</bg>
		</button>
		</hbox>
	<!-- ========================================================================= -->
		<hbox>	<!-- the Y jog buttons -->
			<relief>RAISED</relief>
			<bd>2</bd>
		<button>
			<padx>9</padx>
			<width>14</width>
			<font>("Helvetica",10)</font>
			<halpin>"y-minus"</halpin>
			<text>"Y -\nFORWARD"</text>
			<wraplength>"250"</wraplength>
			<bg>"#CCCCCC"</bg>
		</button>
		<button>
			<padx>9</padx>
			<width>14</width>
			<font>("Helvetica",10)</font>
			<halpin>"y-plus"</halpin>
			<text>"Y +\nBACKWARD"</text>
			<wraplength>"250"</wraplength>
			<bg>"#CCCCCC"</bg>
		</button>
		</hbox>
	<!-- ========================================================================= -->
		<hbox>	<!-- the Z jog buttons -->
			<relief>RAISED</relief>
			<bd>2</bd>
		<button>
			<padx>9</padx>
			<width>14</width>
			<font>("Helvetica",10)</font>
			<halpin>"z-minus"</halpin>
			<text>"Z -\nDOWN"</text>
			<wraplength>"250"</wraplength>
			<bg>"#CCCCCC"</bg>
		</button>
		<button>
			<padx>9</padx>
			<width>14</width>
			<font>("Helvetica",10)</font>
			<halpin>"z-plus"</halpin>
			<text>"Z +\nUP"</text>
			<wraplength>"250"</wraplength>
			<bg>"#CCCCCC"</bg>
		</button>
		</hbox>
	<!-- ========================================================================= -->
		<hbox>	<!-- the A jog buttons -->
			<relief>RAISED</relief>
			<bd>2</bd>
		<button>
			<padx>9</padx>
			<width>14</width>
			<font>("Helvetica",10)</font>
			<halpin>"a-minus"</halpin>
			<text>"\1 A\nCCW"</text>
			<wraplength>"250"</wraplength>
			<bg>"#BC8F8F"</bg>
		</button>
		<button>
			<padx>9</padx>
			<width>14</width>
			<font>("Helvetica",10)</font>
			<halpin>"a-plus"</halpin>
			<text>"A \3\nCW"</text>
			<wraplength>"250"</wraplength>
			<bg>"#BC8F8F"</bg>
		</button>
		</hbox>
	<!-- ========================================================================= -->
		<label>
    			<relief>RAISED</relief>
    			<bd>2</bd>	
			<text>"STATUS PANEL"</text>
			<font>("Helvetica",8)</font>
			<fg>"#ffffff"</fg>
			<bg>"#000000"</bg>
		</label>
	<!-- ========================================================================= -->
		<hbox> 	<!-- DISPLAY MILL STATUS -->
			<relief>RAISED</relief>
			<bd>2</bd>
			<image_bit halpin="PROBE" 	images="Probe-NO 	Probe-NC"	/>
			<image_bit halpin="SPINDLE" 	images="Spindle_Off 	Spindle_Active"	/>
			<image_bit halpin="MIST" 	images="Mist_Off 	Mist_Active"	/>
			<image_bit halpin="FLOOD" 	images="Flood_Off 	Flood_Active"	/>		
		</hbox>
	<!-- ========================================================================= -->
		<hbox> 	<!-- Special Line 1 -->
			<relief>RAISED</relief>
			<bd>2</bd>
			<image_bit halpin="WORK-DISP" 	images="WORK-OFF 	WORK-ON"/>
			<button>
				<font>("Helvetica",8)</font>
				<halpin>"BTN-WORK-TGL"</halpin>
				<text>"  LIGHTS  "</text>
				<width>5</width>
				<fg>"#ffffff"</fg>
				<bg>"#005C94"</bg>
			</button>
			<image_bit halpin="GOPRO-DISP" 	images="GoPro-OFF 	GoPro-ON"/>
			<button>
				<font>("Helvetica",8)</font>
				<halpin>"BTN-GOPRO-TGL"</halpin>
				<text>"  GOPRO  "</text>
				<width>6</width>
				<fg>"#ffffff"</fg>
				<bg>"#005C94"</bg>
			</button>
		</hbox>
	<!-- ========================================================================= -->
		<hbox> 	<!-- Special Line 2 -->
			<relief>RAISED</relief>
			<bd>2</bd>	
			<image_bit halpin="DIG-OUT-0" 	images="DIG-OUT-0-F DIG-OUT-0-T"/>
			<image_bit halpin="DIG-OUT-1" 	images="DIG-OUT-1-F DIG-OUT-1-T"/>
			<image_bit halpin="DIG-OUT-2" 	images="DIG-OUT-2-F DIG-OUT-2-T"/>
			<image_bit halpin="DIG-OUT-3" 	images="DIG-OUT-3-F DIG-OUT-3-T"/>
		</hbox>
	<!-- ========================================================================= -->
		<hbox> 	<!-- Special Line 3 -->
			<relief>RAISED</relief>
			<bd>2</bd>
			<image_bit halpin="DIG-IN-0" 	images="DIG-IN-0-T 	DIG-IN-0-F"/>
			<image_bit halpin="DIG-IN-1" 	images="DIG-IN-1-T 	DIG-IN-1-F"/>
			<image_bit halpin="GECKO-STAT" 	images="GECKO-STAT-NORM GECKO-STAT-RESET"/>
			<image_bit halpin="SPARE-1" 	images="SPARE 	SPARE"/>
		</hbox>
	<!-- ========================================================================= -->
		<hbox> 	<!-- DISPLAY GECKO STATUS -->
			<relief>RAISED</relief>
			<bd>2</bd>
			<vbox>			
				<label>	
					<text>"X"</text>
					<font>("Helvetica",8)</font>
					<fg>"#ffffff"</fg>
					<bg>"#000000"</bg>
				</label>
				<image_bit halpin="GECKO-X" images="ERR OK"/>
			</vbox>
			<vbox>			
				<label>	
					<text>"Y"</text>
					<font>("Helvetica",8)</font>
					<fg>"#ffffff"</fg>
					<bg>"#000000"</bg>
				</label>
				<image_bit halpin="GECKO-Y" images="ERR OK"/>
			</vbox>
			<vbox>			
				<label>	
					<text>"Z"</text>
					<font>("Helvetica",8)</font>
					<fg>"#ffffff"</fg>
					<bg>"#000000"</bg>
				</label>
				<image_bit halpin="GECKO-Z" images="ERR OK"/>
			</vbox>
			<vbox>			
				<label>	
					<text>"A"</text>
					<font>("Helvetica",8)</font>
					<fg>"#ffffff"</fg>
					<bg>"#000000"</bg>
				</label>
				<!-- Just a dummy, A-Axis has no ERR Message... images reversed. -->
				<image_bit halpin="GECKO-A" images="OK ERR"/>
			</vbox>
		</hbox>
		<button><!-- RESET GECKODRIVE ERROR SIGNALS / TRIP RELAY -->
			<padx>25</padx>
			<font>("Helvetica",8)</font>
			<halpin>"GECKO-RESET"</halpin><!-- Assigned to Paraport 1, pin 14 RELAY -->
			<text>"GECKODRIVE RESET"</text>
			<bg>"#000000"</bg>
			<fg>"#ffffff"</fg>
		</button>
	<!-- ========================================================================= -->
		<button><!-- SAFE GO HOME BUTTON -->
			<bg>"#F5DEB3"</bg>
			<font>("Helvetica",8)</font>
			<halpin>"safe-go-home"</halpin>
			<text>"G54 SAFE GO HOME"</text>
		</button>
	<!-- ========================================================================= -->
		<button><!-- Set G54 to HOME and RESET Rx Angle to ZERO BUTTON -->
			<bg>"#B0C4DE"</bg>
			<font>("Helvetica",8)</font>
			<halpin>"home-angle-zero"</halpin>
			<text>"G54 Set HOME, Angle = ZERO"</text>
		</button>
	<!-- ========================================================================= -->
		<button><!-- Set G54 to HOME and leave Rx Angle the SAME BUTTON -->
			<bg>"#BC8F8F"</bg>
			<font>("Helvetica",8)</font>
			<halpin>"home-angle-same"</halpin>
			<text>"G54 Set HOME, Angle = SAME"</text>
		</button>
	<!-- ========================================================================= -->
	</vbox>
<!-- ~~~ TOP OF TAB ~~~~~~~~~ TOP OF TAB ~~~~~~~~~ TOP OF TAB ~~~~~~~~~ TOP OF TAB ~~~ -->
	<vbox>
	<!-- ========================================================================= -->
		<label>	
    		<relief>RAISED</relief>
    		<bd>2</bd>
			<text>"BASIC PROBE"</text>
			<font>("Helvetica",8)</font>
			<bg>"#800000"</bg>
			<fg>"#ffffff"</fg>
		</label>
	<!-- ========================================================================= -->
		<!-- PROBE Control Buttons -->
		<image_bit halpin="PF01-image" images="Probe-F00 Probe-F01"/>
		<button>
			<bg>"#BC8F8F"</bg>
			<font>("Helvetica",8)</font>
			<width>3</width>
			<halpin>"PROBE-SURFACE"</halpin>
			<text>"PROBE TOUCH SURFACE"</text>
		</button>
		<!-- ====================================================================== -->
		<image_bit halpin="PF03-image" images="Probe-F00 Probe-F03"/>
		<button>
			<bg>"#BC8F8F"</bg>
			<font>("Helvetica",8)</font>
			<width>3</width>
			<halpin>"PROBE-LEFT-REAR"</halpin>
			<text>"PROBE VICE REAR LEFT"</text>
		</button>
		<!-- ====================================================================== -->
		<image_bit halpin="PF05-image" images="Probe-F00 Probe-F05"/>
		<button>
			<bg>"#BC8F8F"</bg>
			<font>("Helvetica",8)</font>
			<width>3</width>
			<halpin>"PROBE-LEFT-FRONT"</halpin>
			<text>"PROBE VICE LEFT FRONT"</text>
		</button>
		<!-- ====================================================================== -->
		<!-- END PROBE Control Buttons -->
		<!-- ====================================================================== -->
		<!-- END of "PROBE 1" tab -->
		<!-- ====================================================================== -->
	</vbox>
<!-- ~~~ END OF TAB ~~~~~~~~~ END OF TAB ~~~~~~~~~ END OF TAB ~~~~~~~~~ END OF TAB ~~~ -->

<!-- ~~~ TOP OF TAB ~~~~~~~~~ TOP OF TAB ~~~~~~~~~ TOP OF TAB ~~~~~~~~~ TOP OF TAB ~~~ -->
	<vbox>
		<!-- ========================================================================= -->
			<label>	
    			<relief>RAISED</relief>
    			<bd>2</bd>
				<text>"ADVANCED PROBE"</text>
				<font>("Helvetica",8)</font>
				<bg>"#006400"</bg>
				<fg>"#ffffff"</fg>
			</label>
		<!-- ====================================================================== -->
		<image_bit halpin="PF02-image" images="Probe-F00 Probe-F02"/>
		<button>
			<bg>"#8FBC8F"</bg>
			<fg>"#000000"</fg>
			<font>("Helvetica",8)</font>
			<width>3</width>
			<halpin>"PROBE-CENTER-HOLE"</halpin>
			<text>"PROBE CENTER HOLE"</text>
		</button>
		<!-- ====================================================================== -->
		<image_bit halpin="PF04-image" images="Probe-F00 Probe-F04"/>
		<button>
			<bg>"#8FBC8F"</bg>
			<fg>"#000000"</fg>
			<font>("Helvetica",8)</font>
			<width>3</width>
			<halpin>"PROBE-VICE-ANGLE"</halpin>
			<text>"PROBE VICE ANGLE"</text>
		</button>
		<!-- ====================================================================== -->
		<image_bit halpin="PF06-image" images="Probe-F00 Probe-F06"/>
			<button>
			<bg>"#8FBC8F"</bg>
			<fg>"#000000"</fg>
			<font>("Helvetica",8)</font>
			<width>3</width>
			<halpin>"PROBE-FIXTURE-HOLES"</halpin>
			<text>"PROBE FIXTURE HOLES"</text>
			</button>
		<label>
			<wraplength>"250"</wraplength>
			<justify>"center"</justify>
			<text>"\nThis probe routine is for a holding fixture with two holes, each 1 inch diameter, hole depth should be 0.2 inch minimum, hole spacing is exactly 6 inches apart. \n\nThe first hole becomes the ZERO reference point. (G54 HOME)\n"</text>
			<font>("Helvetica",10)</font>
			<width>22</width>
		</label>
		<!-- ====================================================================== -->
		<!-- END of "PROBE 2" tab -->
		<!-- ========================================================================= -->
	</vbox>
<!-- ~~~ TOP OF TAB ~~~~~~~~~ TOP OF TAB ~~~~~~~~~ TOP OF TAB ~~~~~~~~~ TOP OF TAB ~~~ -->
	<vbox>
	<!-- ========================================================================= -->
		<label>	
    			<relief>RAISED</relief>
    			<bd>2</bd>
			<text>"PECK DRILLING"</text>
			<font>("Helvetica",8)</font>
			<bg>"#005c94"</bg>
			<fg>"#ffffff"</fg>
		</label>
	<!-- ========================================================================= -->
	<!-- This is the start of my automated PECK DRILLING widget -->
	<table flexible_columns="[1,2]" flexible_rows ="[1,2,3,4,5,6,7,8,9,10]">
		<tablerow/>
		<tablespan rows="14"/>
			<image_bit halpin="PECK-G83-DSP" images="PECK-G83 PECK-G83"/>
		<tablerow/>

			<spinbox>
				<!-- Set your MIN / MAX / INITIAL PECK DEPTH -->
				<width>18</width>
				<halpin>"peck-z"</halpin>
				<!-- G20 INCH MODE Adjusted for POSITIVE numbers -->
				<min_>000.010</min_> 
				<max_>005.000</max_>
				<initval>000.250</initval>
				<resolution>0.001</resolution>
				<format>"2.3f"</format>
				<font>("Helvetica",8)</font>
				<param_pin>1</param_pin>
			</spinbox>

		<tablerow/>
			<label>
				<text>"Z - DEPTH"</text>
				<font>("Helvetica",8)</font>
				<width>18</width>
			</label>
		<tablerow/>
			<spinbox>
				<!-- Set your MIN / MAX / INITIAL PECK STEPS -->
				<width>18</width>
				<halpin>"peck-q"</halpin>
				<!-- G20 INCH MODE -->
				<min_>000.050</min_>
				<max_>001.000</max_>
				<initval>0.100</initval>
				<resolution>0.001</resolution>
				<format>"2.3f"</format>
				<font>("Helvetica",8)</font>
				<param_pin>1</param_pin>
			</spinbox>
		<tablerow/>
			<label>
				<text>"Q - PECK"</text>
				<font>("Helvetica",8)</font>
				<width>18</width>
			</label>
		<tablerow/>
			<spinbox>
				<!-- Set your MIN / MAX / INITIAL PECK FEED RATE -->
				<width>18</width>
				<halpin>"peck-f"</halpin>
				<!-- G20 INCH MODE -->
				<min_>000.010</min_>
				<max_>030.000</max_>
				<initval>003.000</initval>
				<resolution>0.1</resolution>
				<format>"2.3f"</format>
				<font>("Helvetica",8)</font>
				<param_pin>1</param_pin>
			</spinbox>
		<tablerow/>
			<label>
				<text>"F - FEED RATE"</text>
				<font>("Helvetica",8)</font>
				<width>18</width>
			</label>
		<tablerow/>

		<tablerow/>
			<spinbox>
				<!-- Set your MIN / MAX / INITIAL PECK SPINDLE SPEED -->
				<width>18</width>
				<halpin>"peck-s"</halpin>
				<min_>0100</min_>
				<max_>3500</max_>
				<initval>500</initval>
				<resolution>50.0</resolution>
				<format>"2.3f"</format>
				<font>("Helvetica",8)</font>
				<param_pin>1</param_pin>
			</spinbox>
		<tablerow/>
			<label>
				<text>"S - SPINDLE SPEED"</text>
				<font>("Helvetica",8)</font>
				<width>18</width>
			</label>
		<tablerow/>
		<!-- Just dummy TEXT rows to bring everythng up a bit -->
		<!-- you know... to make it all pretty.               -->
		<tablerow/>
			<label>
				<text>"HIT ENTER!"</text>
				<font>("Helvetica",10)</font>
				<bg>"#005C94"</bg>
				<fg>"#ffffff"</fg>
				<width>18</width>
			</label>
		<tablerow/>
		<!-- Table and graphics for PECK DRILL finished.      -->
		</table>
		<!-- Need a button to make it call the subroutine.    -->
		<button>
			<font>("Helvetica",8)</font>
			<width>1</width>
			<halpin>"peck-drill"</halpin>
			<text>"G83 PECK DRILLING"</text>
			<bg>"#005C94"</bg>
			<fg>"#ffffff"</fg>
		</button>
		<!-- Instruction message with text wrapping and updates. -->
		<multilabel>
			<halpin>"peck-drill-notice"</halpin>
		    	<legends>["\n INSTRUCTIONS: \n \n After you enter information into the widget above, press the button to start. \n \n There will be a short delay for safety. \n", "\n WARNING: \n \n \n A program is running, please use caution. \n \n \n"]</legends>
			<wraplength>"250"</wraplength>
			<justify>"center"</justify>
			<font>("Helvetica",10)</font>
			<bg>"#000000"</bg>
			<fg>"#ffffff"</fg>
			<width>22</width>
		</multilabel>
		<!-- This is the end of my automated PECK DRILLING widget --> 
	</vbox>
<!-- ~~~ END OF TAB ~~~~~~~~~ END OF TAB ~~~~~~~~~ END OF TAB ~~~~~~~~~ END OF TAB ~~~ -->

<!-- ~~~ TOP OF TAB ~~~~~~~~~ TOP OF TAB ~~~~~~~~~ TOP OF TAB ~~~~~~~~~ TOP OF TAB ~~~ -->
	<vbox>
	<!-- ========================================================================= -->
		<label>	
    			<relief>RAISED</relief>
    			<bd>2</bd>
			<text>"BOLT HOLES"</text>
			<font>("Helvetica",8)</font>
			<bg>"#000000"</bg>
			<fg>"#ffffff"</fg>
		</label>
	<!-- ========================================================================= -->
	<image_bit halpin="MK-BOLT-HOLE" 	images="BOLT-HOLE BOLT-HOLE"		/>
		<hbox>	
			<spinbox>
				<width>16</width>
				<halpin>"bolt-l"</halpin>
				<min_>3</min_> 
				<max_>100</max_>
				<initval>3</initval>
				<resolution>1</resolution>
				<format>"2.0f"</format>
				<font>("Helvetica",8)</font>
				<param_pin>1</param_pin>
			</spinbox>
			<label>
				<text>"NUMBER OF HOLES"</text>
				<font>("Helvetica",8)</font>
				<width>22</width>
				<bg>"#000000"</bg>
				<fg>"#ffffff"</fg>
			</label>
		</hbox>
		<hbox>	
			<spinbox>
				<width>16</width>
				<halpin>"bolt-i"</halpin>
				<min_>000.500</min_> 
				<max_>010.000</max_>
				<initval>003.000</initval>
				<resolution>0.001</resolution>
				<format>"2.3f"</format>
				<font>("Helvetica",8)</font>
				<param_pin>1</param_pin>
			</spinbox>
			<label>
				<text>"RADIUS"</text>
				<font>("Helvetica",8)</font>
				<width>22</width>
				<bg>"#000000"</bg>
				<fg>"#ffffff"</fg>
			</label>
		</hbox>
		<hbox>	
			<spinbox>
				<width>16</width>
				<halpin>"bolt-z"</halpin>
				<!-- G20 INCH MODE Adjusted for POSITIVE numbers -->
				<min_>000.050</min_> 
				<max_>005.000</max_>
				<initval>000.500</initval>
				<resolution>0.001</resolution>
				<format>"2.3f"</format>
				<font>("Helvetica",8)</font>
				<param_pin>1</param_pin>
			</spinbox>
			<label>
				<text>"Z FINAL DEPTH"</text>
				<font>("Helvetica",8)</font>
				<width>22</width>
				<bg>"#000000"</bg>
				<fg>"#ffffff"</fg>
			</label>
		</hbox>
		<hbox>	
			<spinbox>
				<width>16</width>
				<halpin>"bolt-q"</halpin>
				<!-- G20 INCH MODE -->
				<min_>000.010</min_> 
				<max_>000.500</max_>
				<initval>000.100</initval>
				<resolution>0.001</resolution>
				<format>"2.3f"</format>
				<font>("Helvetica",8)</font>
				<param_pin>1</param_pin>
			</spinbox>
			<label>
				<text>"PECK INCREMENT"</text>
				<font>("Helvetica",8)</font>
				<width>22</width>
				<bg>"#000000"</bg>
				<fg>"#ffffff"</fg>
			</label>
		</hbox>
		<hbox>	
			<spinbox>
				<width>16</width>
				<halpin>"bolt-f"</halpin>
				<!-- G20 INCH MODE -->
				<min_>000.010</min_> 
				<max_>060.000</max_>
				<initval>005.000</initval>
				<resolution>0.001</resolution>
				<format>"2.3f"</format>
				<font>("Helvetica",8)</font>
				<param_pin>1</param_pin>
			</spinbox>
			<label>
				<text>"FEED RATE"</text>
				<font>("Helvetica",8)</font>
				<width>22</width>
				<bg>"#000000"</bg>
				<fg>"#ffffff"</fg>
			</label>
		</hbox>
		<hbox>	
			<spinbox>
				<width>16</width>
				<halpin>"bolt-s"</halpin>
				<min_>100</min_> 
				<max_>3000</max_>
				<resolution>50</resolution>
				<initval>100</initval>
				<format>"2.0f"</format>
				<font>("Helvetica",8)</font>
				<param_pin>1</param_pin>
			</spinbox>
			<label>
				<text>"SPINDLE SPEED"</text>
				<font>("Helvetica",8)</font>
				<width>22</width>
				<bg>"#000000"</bg>
				<fg>"#ffffff"</fg>
			</label>
		</hbox>

		<button>
			<font>("Helvetica",8)</font>
			<width>1</width>
			<halpin>"bolt-hole"</halpin>
			<text>"MAKE BOLT HOLES"</text>
			<bg>"#005C94"</bg>
			<fg>"#ffffff"</fg>
		</button>
		<!-- Instruction message with text wrapping and updates. -->
		<multilabel>
			<halpin>"bolt-hole-notice"</halpin>
		    	<legends>["\n INSTRUCTIONS: \n \n After you enter information into the widget above, press the button to start. \n \n There will be a short delay for safety. \n", "\n WARNING: \n \n \n A program is running, please use caution. \n \n \n"]</legends>
			<wraplength>"250"</wraplength>
			<justify>"center"</justify>
			<font>("Helvetica",10)</font>
			<bg>"#000000"</bg>
			<fg>"#ffffff"</fg>
			<width>22</width>
		</multilabel>


	</vbox>
<!-- ~~~ END OF TAB ~~~~~~~~~ END OF TAB ~~~~~~~~~ END OF TAB ~~~~~~~~~ END OF TAB ~~~ -->

<!-- ~~~ TOP OF TAB ~~~~~~~~~ TOP OF TAB ~~~~~~~~~ TOP OF TAB ~~~~~~~~~ TOP OF TAB ~~~ -->
	<vbox>
	<!-- ========================================================================= -->
		<label>
    			<relief>RAISED</relief>
    			<bd>2</bd>	
			<text>"EXPERIMENTAL"</text>
			<font>("Helvetica",8)</font>
			<bg>"#430064"</bg>
			<fg>"#ffffff"</fg>
		</label>
	<!-- ========================================================================= -->

	<!-- ========================================================================= -->
	</vbox>
<!-- ~~~ END OF TAB ~~~~~~~~~ END OF TAB ~~~~~~~~~ END OF TAB ~~~~~~~~~ END OF TAB ~~~ -->
</tabs>
</pyvcp>
